{"stCalendarios":[],"stConfiguracoes":[{"conTema":"claro","conId":1}],"stEscola":[{"escNome":"EEEP José Vidal","escQtdeAulas":"9","escId":4}],"stTurmas":[{"turNome":"Redes","turAno":"2018","turId":4},{"turNome":"Segu","turAno":"2018","turId":5},{"turNome":"Infor","turAno":"2018","turId":6},{"turNome":"Enfe","turAno":"2018","turId":7}],"stProfessores":[{"proNome":"Gessica","proId":12},{"proNome":"Lidiana","proId":13},{"proNome":"Ricardo","proId":14},{"proNome":"Heberth","proId":15},{"proNome":"Moises","proId":16},{"proNome":"Laecio","proId":17},{"proNome":"Luciane","proId":18},{"proNome":"Patricia","proId":19},{"proNome":"Estevao","proId":20}],"stDiasSemAula":[{"diaIdProf":12,"diaSemanaAula":"Segunda-3","diaId":22},{"diaIdProf":12,"diaSemanaAula":"Segunda-4","diaId":23},{"diaIdProf":13,"diaSemanaAula":"Segunda-3","diaId":24},{"diaIdProf":13,"diaSemanaAula":"Segunda-4","diaId":25},{"diaIdProf":14,"diaSemanaAula":"Segunda-3","diaId":26},{"diaIdProf":14,"diaSemanaAula":"Segunda-4","diaId":27},{"diaIdProf":18,"diaSemanaAula":"Terca-3","diaId":28},{"diaIdProf":18,"diaSemanaAula":"Terca-4","diaId":29},{"diaIdProf":19,"diaSemanaAula":"Terca-3","diaId":30},{"diaIdProf":19,"diaSemanaAula":"Terca-4","diaId":31}],"stDisciplinas":[{"disNome":"Portugues","disCor":"#00ffff","disProfId":"12","disId":3},{"disNome":"Redacao","disCor":"#80ffff","disProfId":"12","disId":4},{"disNome":"Matematica","disCor":"#ff0000","disProfId":"14","disId":5},{"disNome":"HE Matematica","disCor":"#ff3333","disProfId":"14","disId":6},{"disNome":"Espanhol","disCor":"#ff8080","disProfId":"19","disId":7},{"disNome":"Ed. Fisica","disCor":"#f2682d","disProfId":"18","disId":8},{"disNome":"Historia","disCor":"#00ff00","disProfId":"15","disId":9},{"disNome":"Biologia","disCor":"#80ff00","disProfId":"13","disId":10},{"disNome":"Geografia","disCor":"#00ff80","disProfId":"16","disId":11},{"disNome":"Quimica","disCor":"#008080","disProfId":"17","disId":12},{"disNome":"Sonha","disCor":"#ffff00","disProfId":"20","disId":13}],"stCarga":[{"carQtde":"4","carIdTurma":"4","carIdDis":3,"carCod":"3-12","carProfId":"12","carId":4},{"carQtde":"4","carIdTurma":"5","carIdDis":3,"carCod":"3-12","carProfId":"12","carId":5},{"carQtde":"4","carIdTurma":"6","carIdDis":3,"carCod":"3-12","carProfId":"12","carId":6},{"carQtde":"4","carIdTurma":"7","carIdDis":3,"carCod":"3-12","carProfId":"12","carId":7},{"carQtde":"2","carIdTurma":"4","carIdDis":4,"carCod":"4-12","carProfId":"12","carId":8},{"carQtde":"2","carIdTurma":"5","carIdDis":4,"carCod":"4-12","carProfId":"12","carId":9},{"carQtde":"2","carIdTurma":"6","carIdDis":4,"carCod":"4-12","carProfId":"12","carId":10},{"carQtde":"2","carIdTurma":"7","carIdDis":4,"carCod":"4-12","carProfId":"12","carId":11},{"carQtde":"4","carIdTurma":"4","carIdDis":5,"carCod":"5-14","carProfId":"14","carId":12},{"carQtde":"4","carIdTurma":"5","carIdDis":5,"carCod":"5-14","carProfId":"14","carId":13},{"carQtde":"4","carIdTurma":"6","carIdDis":5,"carCod":"5-14","carProfId":"14","carId":14},{"carQtde":"4","carIdTurma":"7","carIdDis":5,"carCod":"5-14","carProfId":"14","carId":15},{"carQtde":"2","carIdTurma":"4","carIdDis":6,"carCod":"6-14","carProfId":"14","carId":16},{"carQtde":"2","carIdTurma":"5","carIdDis":6,"carCod":"6-14","carProfId":"14","carId":17},{"carQtde":"2","carIdTurma":"6","carIdDis":6,"carCod":"6-14","carProfId":"14","carId":18},{"carQtde":"2","carIdTurma":"7","carIdDis":6,"carCod":"6-14","carProfId":"14","carId":19},{"carQtde":"1","carIdTurma":"4","carIdDis":7,"carCod":"7-19","carProfId":"19","carId":20},{"carQtde":"1","carIdTurma":"5","carIdDis":7,"carCod":"7-19","carProfId":"19","carId":21},{"carQtde":"1","carIdTurma":"6","carIdDis":7,"carCod":"7-19","carProfId":"19","carId":22},{"carQtde":"1","carIdTurma":"7","carIdDis":7,"carCod":"7-19","carProfId":"19","carId":23},{"carQtde":"1","carIdTurma":"4","carIdDis":8,"carCod":"8-18","carProfId":"18","carId":24},{"carQtde":"1","carIdTurma":"5","carIdDis":8,"carCod":"8-18","carProfId":"18","carId":25},{"carQtde":"1","carIdTurma":"6","carIdDis":8,"carCod":"8-18","carProfId":"18","carId":26},{"carQtde":"1","carIdTurma":"7","carIdDis":8,"carCod":"8-18","carProfId":"18","carId":27},{"carQtde":"3","carIdTurma":"4","carIdDis":9,"carCod":"9-15","carProfId":"15","carId":28},{"carQtde":"3","carIdTurma":"5","carIdDis":9,"carCod":"9-15","carProfId":"15","carId":29},{"carQtde":"3","carIdTurma":"6","carIdDis":9,"carCod":"9-15","carProfId":"15","carId":30},{"carQtde":"3","carIdTurma":"7","carIdDis":9,"carCod":"9-15","carProfId":"15","carId":31},{"carQtde":"3","carIdTurma":"4","carIdDis":10,"carCod":"10-13","carProfId":"13","carId":32},{"carQtde":"3","carIdTurma":"5","carIdDis":10,"carCod":"10-13","carProfId":"13","carId":33},{"carQtde":"3","carIdTurma":"6","carIdDis":10,"carCod":"10-13","carProfId":"13","carId":34},{"carQtde":"3","carIdTurma":"7","carIdDis":10,"carCod":"10-13","carProfId":"13","carId":35},{"carQtde":"3","carIdTurma":"4","carIdDis":11,"carCod":"11-16","carProfId":"16","carId":36},{"carQtde":"3","carIdTurma":"5","carIdDis":11,"carCod":"11-16","carProfId":"16","carId":37},{"carQtde":"3","carIdTurma":"6","carIdDis":11,"carCod":"11-16","carProfId":"16","carId":38},{"carQtde":"3","carIdTurma":"7","carIdDis":11,"carCod":"11-16","carProfId":"16","carId":39},{"carQtde":"3","carIdTurma":"4","carIdDis":12,"carCod":"12-17","carProfId":"17","carId":40},{"carQtde":"3","carIdTurma":"5","carIdDis":12,"carCod":"12-17","carProfId":"17","carId":41},{"carQtde":"3","carIdTurma":"6","carIdDis":12,"carCod":"12-17","carProfId":"17","carId":42},{"carQtde":"3","carIdTurma":"7","carIdDis":12,"carCod":"12-17","carProfId":"17","carId":43},{"carQtde":"2","carIdTurma":"4","carIdDis":13,"carCod":"13-20","carProfId":"20","carId":44},{"carQtde":"2","carIdTurma":"5","carIdDis":13,"carCod":"13-20","carProfId":"20","carId":45},{"carQtde":"2","carIdTurma":"6","carIdDis":13,"carCod":"13-20","carProfId":"20","carId":46},{"carQtde":"2","carIdTurma":"7","carIdDis":13,"carCod":"13-20","carProfId":"20","carId":47}]}